{
  "total": 148,
  "pass@1_greedy": 0.33783783783783783,
  "pass@1": 0.3486486486486486,
  "pass@5": 0.42594380094380097,
  "pass@10": 0.44594594594594594
}