{
  "total": 148,
  "pass@1_greedy": 0.35135135135135137,
  "pass@1": 0.35945945945945945,
  "pass@5": 0.4394573144573145,
  "pass@10": 0.4594594594594595
}