{
  "total": 148,
  "pass@1_greedy": 0.20270270270270271,
  "pass@1": 0.20945945945945943,
  "pass@5": 0.2692513942513942,
  "pass@10": 0.28378378378378377
}